subject_id,session_id,label,mean,median,std,skewness,kurtosis,path_length,temporal_mean,temporal_median,temporal_std,temporal_skewness,temporal_kurtosis,temporal_path_length
subject_00,0,closed,0.0823844403695908,0.07589316688507489,0.039934722793918354,0.835323278475456,0.6012807806151912,0.018134051672398958,0.012866503960795073,0.012844149322316962,0.005275514785351975,0.3009099956812159,0.89648617516558,0.0010746610602126337
subject_00,0,open,0.17908602896581538,0.12014418342897766,0.19073271100832867,3.191239105689263,12.517956248521592,0.04042963771962867,0.12298199142637405,0.119345340712634,0.09651104283154167,1.2045024029126414,7.300750143105573,0.035962090318448554
subject_01,0,closed,0.13408854497762518,0.10736354847062242,0.10920223824067608,3.333977544144505,15.432160163402298,0.025808513463474105,0.038627186470696344,0.015555885244030215,0.055293561302805,0.49710350658573477,1.8744429550719586,0.0065234416152701105
subject_01,0,open,0.06439803383787046,0.05794158887885846,0.03447980480102825,1.1761360925131275,1.9960376719269615,0.017609404592212094,0.003194648155232755,0.0034974296212732796,0.0013345860288213453,0.1819463913302678,0.9794192348769816,0.0007225100405557246
subject_02,0,closed,0.09135221213393489,0.08117148424244608,0.05280111572886028,1.632061594730485,4.50771248560085,0.03496202140787649,0.0051590483405742,0.005486867958835818,0.002426170277545453,0.29286844988833083,1.8856033430994474,0.0010376620462556063
subject_02,0,open,0.07932015677959159,0.0647983847022123,0.05258406939619779,1.8142660879115393,5.061940554950555,0.030309084246287893,0.014558912584483268,0.016820112825052656,0.006972710181751941,0.2961629804189288,1.1818574952157266,0.002133093003867548
subject_03,0,closed,0.09686251715070454,0.08106414637906544,0.0598700840578891,1.4804958918010547,2.8067540994376,0.03994682638112285,0.008602070782205191,0.010128246073239618,0.004445638203734634,0.20600988983870522,0.7659191920871629,0.0027222877812063256
subject_03,0,open,0.07685303406557686,0.06606048829154386,0.04650455282975788,1.5503067982665137,3.543798034088927,0.031191172951313264,0.012831763252153626,0.01322908644655804,0.004158571182132333,0.13923875618614892,0.6007945109820594,0.0027765879673463897
subject_04,0,closed,0.11107412194988524,0.1093971683797989,0.05112743403918333,0.6970381655630101,1.4711188653790837,0.026745504365982248,0.01520890421341071,0.018557780197932017,0.01726817124238971,2.7629446205784216,38.75296953409666,0.011543293276374942
subject_04,0,open,0.3173871305915672,0.12012421319670422,0.5172177867777266,3.531447865722346,15.383236040726786,0.09607055454119945,0.31365247370981025,0.2068039035783149,0.2978460718721983,0.7486421804339932,4.149017630700589,0.0834638680761077
subject_05,0,closed,0.08501969197214836,0.07056192428138723,0.055567817714520455,2.0074243970491747,6.1859180263816,0.036312766359085584,0.010285953232666041,0.007458744299101895,0.009260222118104887,0.21964952781130542,1.411304974663704,0.0033383033193666828
subject_05,0,open,0.0903198599201664,0.07678052551713455,0.05798677211499733,2.0303792421551083,5.928448695078153,0.03894523425296587,0.005955199423252227,0.0045825347732939255,0.005232187685618329,0.21889421374787174,1.1070754900427435,0.002702671630677903
subject_05,1,closed,0.12205399539793882,0.10033775278664483,0.08725501681887175,2.35511586226194,7.735564639532187,0.05190439838401806,0.015566127246559236,0.011728677203965705,0.016038368871883382,0.3186542939734991,1.86916986005515,0.0027391418572965324
subject_05,1,open,0.10386172170229217,0.0853616298302069,0.07272488386376108,2.7461996606527626,16.508303116638334,0.04297215478736605,0.011031540645802473,0.008228129056650683,0.01544873402898848,0.5266788837130354,4.735875182799265,0.004357480017650945
subject_05,2,closed,0.1520900354604978,0.13175325335338686,0.10378805225520381,3.8150651757436416,32.25046099335808,0.05798307928734326,0.02534060582027264,0.016775523304157505,0.0338310820571318,1.2807623716400922,11.471303368451625,0.009263932157217367
subject_05,2,open,0.10145420126595942,0.08442221912527491,0.0677230036458177,2.1973639586842815,8.287080575183973,0.04115805214969691,0.015565235263031234,0.010909942906711231,0.015091235777348149,0.39226196196320057,2.538227956590638,0.0057064372852387996
subject_05,3,closed,0.12050851043899706,0.11008191154246394,0.06311812155942237,1.3442985264699079,3.239943049052849,0.04602369515139082,0.01670200310392207,0.01368852414788804,0.012103852648445502,0.22431841873110941,0.8521050700645956,0.00857249069954224
subject_05,3,open,0.0975971233286062,0.08534588033701354,0.05946261349763284,1.9936031949995279,7.0258386208799735,0.03838717758850087,0.011971363776228452,0.008193719328090635,0.012681551848074868,0.5381275901484052,2.6763333410608503,0.0025329636329613813
subject_05,4,closed,0.12456616228437645,0.11194903546381256,0.06581345924490006,1.6336067390218139,5.188732770611887,0.04974692499394938,0.008774656328965354,0.005995386285164898,0.010667823167680302,0.2912825683004852,1.834305141707486,0.007691259501748969
subject_05,4,open,0.24044876604905743,0.10954521306137086,0.46361541623046826,6.064012375294079,52.2766749060897,0.08032103892240229,0.22944086742218936,0.12934372082395212,0.31387198187318227,0.8215919275155638,4.053390688894816,0.06779080858977357
subject_05,5,closed,0.14403479593229648,0.1292580839595275,0.08009101530309186,1.4907194621010982,3.8045708509250433,0.054394893690733206,0.013034248757519759,0.013975625706286682,0.00720225861358853,0.2757558785198964,1.4591109745717437,0.006088630667117641
subject_05,5,open,0.11382503360921536,0.09983541238081395,0.06505911464232132,1.5777002588550626,3.93333967893504,0.04448933786360213,0.014662585008356993,0.014510477191719119,0.006811621112773855,0.25156398325996765,1.3776247309231227,0.00463763907049477
subject_05,6,closed,0.145856928099917,0.13428294423225334,0.07248041084928894,1.187380296288341,2.857369458507205,0.04895611175996789,0.008624780397314335,0.007275377241347488,0.007716858613892447,0.23564442793398302,2.055496969989088,0.003986015915320309
subject_05,6,open,0.11137788981111711,0.08893238090601929,0.0920657431705602,4.383704822007975,31.922702879986836,0.04547296821590429,0.036470432171804526,0.020799761551496296,0.04350957904119965,0.42926534959068696,2.462726043295819,0.016525549656218802
subject_05,7,closed,0.16802790433144757,0.1513879962317351,0.08946764653625144,1.3975095648207496,3.392043386719643,0.05664985064295628,0.007965497968355708,0.006103413734939853,0.010153901390909801,0.24566489022854723,1.0356160505193908,0.004133738374268798
subject_05,7,open,0.12217561715100013,0.10790707178717185,0.08245203111455036,3.5634546559829294,25.63759698954918,0.04773491031824852,0.01354752457486945,0.008456074514911174,0.025821787031119526,0.9729541515146763,5.969103536282545,0.008337694389097539
subject_06,0,closed,0.1939657927317987,0.17703615734974765,0.10007642744306974,1.4039783714026872,3.8806731974057316,0.05533917888477967,0.01923513431547989,0.017558142037357914,0.00998637132894446,0.3685830954661779,1.7586013452259535,0.002871578800662268
subject_06,0,open,0.13520347972276345,0.12473752921309522,0.06488148287575786,1.0128179172452536,1.9574148243383824,0.04392206191898016,0.011153503120685282,0.010415177895148153,0.005583815876517469,0.16667562035369288,0.9847918217223124,0.0032696244176288972
subject_06,1,closed,0.18351790443374008,0.16655565350084262,0.10315264335846036,2.5179361257880517,16.937073998121715,0.054225250233923945,0.03140759681563028,0.027265849510261033,0.026096569193233606,1.0857604846874622,8.446975107428935,0.008678511985113152
subject_06,1,open,0.12154014106357912,0.114220048937003,0.05891877837131191,0.7772265591719822,0.7740014582344266,0.041042996680536,0.009263331563532207,0.011348749834901745,0.002349697548892899,0.2384644818038816,0.7093647913422272,0.0034102283865457086
subject_06,2,closed,0.15210168213003564,0.13702345178620018,0.08483028430012379,1.7789796973857095,6.061733801270176,0.03886268514335196,0.01747640257765666,0.014488410270439086,0.020536975294055963,0.44523878326694105,1.6650652993995736,0.003548116311460221
subject_06,2,open,0.12213214981177804,0.11374178128691538,0.06232309664765533,1.517152803087056,5.632768039673525,0.030742637551916613,0.016347058071258344,0.012993400755533051,0.013562085559545592,0.5627859540186334,2.115107818919448,0.0029167903909583354
subject_06,3,closed,0.15559006651975069,0.13789327482192817,0.08800121220459053,1.7574214706140676,6.128335042713818,0.0403653596327579,0.011362843778391023,0.0060382037240874,0.017472452717608937,0.42938500529084184,1.8671526393864408,0.0010950980166985758
subject_06,3,open,0.12532207771023823,0.11055004402311402,0.06762069232243546,1.409717515464492,3.2231165741832317,0.03602221890608994,0.01729619381015571,0.013299201124614605,0.014372060932430817,0.2552039051732009,0.8500824699667985,0.0037382723507020706
subject_06,4,closed,0.19187312140677673,0.17255827781517907,0.10302523983483733,1.2667669915527977,2.9291801841162064,0.055888532873983904,0.01874007689061908,0.01746194194922112,0.012212964282246672,0.31137784107202626,1.7359524782320546,0.0035382394538497623
subject_06,4,open,0.11780652277994676,0.10732913671538702,0.06214192004365006,1.4228629265154913,3.5459289304135257,0.03357390957108306,0.021314765916561673,0.01876315863268545,0.012629613207324114,0.23047619669076466,0.7761408599675883,0.0036748791782785875
subject_07,0,closed,0.06013753048420253,0.055172835495721176,0.0310806787623116,1.3519565072971396,3.380249663885463,0.01687165796223699,0.013806322066237019,0.0123884574959161,0.006936494670054411,0.1305451828781523,0.41154956329984643,0.0009331336197897458
subject_07,0,open,0.06175019201935074,0.05160199888098277,0.06367984807262006,10.224676333606807,160.28531643986966,0.020863206430350497,0.019935508147752565,0.00971346647225157,0.041085385897405874,1.6195792517281928,13.14075586879189,0.009278933513211378
subject_08,0,closed,0.09378132422564969,0.08286775845366376,0.05515070504785711,1.6484536077764038,4.550387043033804,0.019664315962305893,0.01074340099229054,0.007037373205294957,0.011980615884366391,0.4564476055014799,1.2701443521194695,0.0019160110224350146
subject_08,0,open,0.10819956610049127,0.08644628809456356,0.08600770753056965,3.195496642284458,14.628256163824819,0.020583382242699177,0.04034100299366648,0.020119000834185104,0.04205819641610277,0.2800049157269928,0.8011042447225032,0.006948723466620699
subject_09,0,closed,0.10360878841438578,0.08911981240619646,0.06626868015031206,1.6945794348529488,4.553319498704523,0.022557559579444265,0.020848877569651855,0.015954714286066273,0.015560251245253667,0.32815899342859983,1.553890884700931,0.005508354740382062
subject_09,0,open,0.10329811197450949,0.08486544503133521,0.06104449854953896,1.6588114038342128,3.8090582656824186,0.022740258021575695,0.010225418867205238,0.007331176996526625,0.01629163366323626,0.4535211259475614,2.596798212432619,0.007550850293216373
subject_10,0,closed,0.015159380166740836,0.014747436807993938,0.006251941428682064,0.42685601567454357,0.11575897215337605,0.0067226823413535025,0.0007400604984598526,0.0007732089333826571,0.00032982747548641135,0.1234251027167912,0.27030142644899224,0.00040796256303426374
subject_10,0,open,0.02279142739038849,0.02091153942257528,0.014723920745835851,6.5937184976507375,65.81236152482553,0.009360378186109913,0.003593460325997967,0.0011408315961173305,0.008180361709728865,1.8034068620629111,14.2207523144624,0.0017799522691513035
subject_11,0,open,0.35254129977313065,0.31151553032614243,0.33539064654299494,4.701239069669856,46.72045887476298,0.04254377800757415,0.0961598734329856,0.14104172566763892,0.17999138939264703,1.8060734419172666,10.295032865336132,0.02046823514863519
subject_12,0,closed,0.1040708218632,0.09493816552010355,0.05479700974113059,1.151808332055653,2.760444786832932,0.030032878251307935,0.013359851382900396,0.011239945296556583,0.007440626856844856,0.4725537085122648,2.167422921813836,0.0049639795765436924
subject_12,0,open,0.11419374351620054,0.08815306047612281,0.08768948884322704,2.920048907458243,12.225141899534275,0.027345395839239103,0.04294734573899667,0.03024820151721117,0.04227788866379344,4.407166617962399,67.20946707814839,0.013868089163350616
subject_13,0,closed,0.06852459362088432,0.06301789327543308,0.03649407344003597,2.414864884399768,15.193171600440706,0.01652779555777451,0.006469346829568124,0.00556622598619266,0.009070127729799022,1.030562058981741,5.762596715249488,0.002301003674799622
subject_13,0,open,0.09029220228121032,0.07197486741791545,0.07181217698069978,3.289935831627176,16.205649846423118,0.019807112545877668,0.028303432460688702,0.018900963329603407,0.03269551089906087,1.2348979975183207,5.629990449501198,0.005722414605931697
subject_14,0,closed,0.8351985648303846,0.17678311349163373,1.6332423856890408,2.882204410245289,8.381721045721305,0.14226286495737583,0.9616233497144344,0.5727287519606983,1.031708233541933,0.4394432142253354,2.559429064493691,0.14567257036299064
subject_14,0,open,0.09821671988103953,0.08889740555027488,0.052662305738794005,1.0873737409871627,1.9157212619589536,0.028794758354632473,0.025597821260739163,0.027902321028594662,0.005348981848135557,0.45006884135171726,1.770788387523411,0.00229782668077642
subject_15,0,closed,0.06411046466682561,0.057553596770911174,0.037790283906315794,3.326133375406104,32.23120850032111,0.017562280685181935,0.008793888283222279,0.009285093150453132,0.009643055385553696,1.7225779394612426,15.2470198757898,0.001551598517379741
subject_15,0,open,0.2802300344915494,0.2003620623088854,0.2834387755202054,3.5166030899664427,18.109527819561155,0.03873189809165578,0.16000366022002466,0.13151165273306858,0.12324169675234413,1.393124578700622,12.075294057071853,0.021204020770811755
subject_16,0,closed,0.29643538129249314,0.25875674467049437,0.1843908600053439,0.9484938729086207,0.5650906379006297,0.10245009762487112,0.0573062490937449,0.059450084838917054,0.027375931163419055,0.27105975597841164,0.7372065666517316,0.021325619058016512
subject_16,0,open,0.27956314676522537,0.20549352587548472,0.2688010902032253,3.9473186920416117,28.586054156924007,0.07165807742508407,0.14915739774703238,0.11964789577562132,0.12402299528260438,0.5386943295129635,3.331747855621399,0.02587015333666615
subject_17,0,closed,0.073197519416456,0.06021922580756807,0.05129923145764867,2.7574194602278115,14.666647354669614,0.02291732766005426,0.014912269367694245,0.010158880686955807,0.017802311625710058,0.6338134555758226,3.8857399262244634,0.004369926776289663
subject_17,0,open,0.07591333798857713,0.06084898612416321,0.06757655281640101,4.795299241397553,38.011744338986595,0.02638947034117747,0.021707266998020478,0.01355412191626123,0.0333207509236896,1.160166220648864,7.7026814370778265,0.010043823671548477
subject_18,0,closed,0.08361554604005803,0.06403987322990874,0.06443152814795695,2.1048670846252193,5.019970548630466,0.0376333508008592,0.008576357097854856,0.00860660562723427,0.003501913914706722,0.15175176642879665,0.8363503627973596,0.002272661893486975
subject_18,0,open,0.09363528138136565,0.07359730654725327,0.07360401912675751,2.545305641453451,8.979476716793032,0.04007724934837116,0.01506422671372998,0.014953803353719777,0.008142045230105935,0.23228309211303103,1.9646122967434778,0.005589915457235045
subject_19,0,closed,0.24645406730225375,0.17235693999845486,0.22881210159296214,2.6491810573302024,9.414086349864732,0.04299868653262224,0.06150909871966307,0.041822139821082814,0.07490396759525174,0.6491426276836244,3.0075767148847747,0.009138086759411104
subject_19,0,open,0.2281753406666332,0.19033568065094209,0.15686784742270202,3.155314814481262,17.304264613824298,0.0377494717803831,0.043469318412720906,0.027538006606226868,0.06776580062401298,0.43368702517781405,1.9916194831057585,0.011229221513859296
subject_20,0,closed,0.22653853893788664,0.19649536994916028,0.1514725427710387,2.963380463901679,16.340314429636745,0.04618691906625861,0.06929841851907821,0.0514106669968853,0.057892239242863276,0.5475116495196672,1.8363173233308605,0.006439757680927272
subject_20,0,open,0.09356000974059685,0.0818472917940494,0.0551538977498011,1.5478055833816877,3.2041506400652278,0.03811207082960891,0.009934574003945238,0.009951595219684022,0.004021812223605011,0.1576078770895714,0.8378982683965768,0.0035691541379904487
subject_20,1,closed,0.14136835180368035,0.12219078807008343,0.08437927639597079,1.0631660654868629,0.8660858585412368,0.03817608689304541,0.04363505688089813,0.04341578021065208,0.015776307363072194,0.36118387752332987,1.106470859691326,0.0042354160449879835
subject_20,1,open,0.09085425651340723,0.07951835782827543,0.053069503161560116,1.5859509762101656,4.022621154504516,0.0350430477521272,0.0070986589319627395,0.007622743670759201,0.003513766558168339,0.14283495469298346,0.9484514132292173,0.0031668520950272703
subject_20,2,closed,0.22610496525755575,0.18469068779241113,0.15224655317914546,1.2109020583429715,1.6783909253089186,0.04869522972139077,0.05205072152699524,0.05933541933033707,0.028475356313573095,0.609649174462805,2.2907809467444324,0.009608130869494982
subject_20,2,open,0.08684439713033414,0.07385046645755655,0.054038676501730186,1.7263360154407985,4.0161647044639786,0.03665425396323914,0.0038089640211255078,0.004768472631614036,0.0017168505162758689,0.17149098955099554,0.8969979229260497,0.0023359432249746466
subject_20,3,closed,0.22337664213730954,0.18698570689705185,0.1429526425843095,1.213424142159714,1.6803400429937367,0.04675531166536967,0.05035593426217089,0.04844158303709043,0.028572565311745762,0.25157787245572794,0.6801266340588813,0.0067285034503656
subject_20,3,open,0.0856063041407385,0.07505913386976482,0.04880631640402434,1.3266194281659252,2.553628033829372,0.03594776252561941,0.007201400743068787,0.007786290637041801,0.0028662587960598504,0.1379432844728936,1.0140839454656798,0.0024594525535783104
subject_20,4,closed,0.14675922510377756,0.1236711543182238,0.09421692663705228,1.333931795048424,2.31535308582278,0.04246416264098755,0.030476919469503896,0.03211007321092544,0.023453076983587434,0.3660296173865319,1.1232831241669463,0.002579920311102871
subject_20,4,open,0.1521386879945764,0.1384126450212172,0.08155695096173292,1.2595860451102605,2.6253593799843182,0.04510183324353252,0.04022866670075024,0.04372529200884244,0.0049102529291093,0.5248916873274985,1.7198875850381332,0.003612399198895285
subject_20,5,closed,0.13088240215969393,0.11383511669118661,0.08322166148179064,1.7176007515352427,5.996925605286732,0.03580609988939177,0.013958265128100425,0.020746570051447668,0.009754374317126002,0.9827098170971731,5.799877071566345,0.003680649884807589
subject_20,5,open,0.05744741575225132,0.05009516204306094,0.03357970654032531,1.434408976536277,3.008382415498785,0.023614957945911685,0.0028168320250505485,0.0030920729749828353,0.0010578722162055503,0.2142641061163882,1.2763059660079437,0.0013271980739375819
subject_20,6,closed,0.16506591503332815,0.1396506847392454,0.11266464320098074,2.2055379429613042,8.312812910091896,0.045831029854031674,0.035893187103166364,0.027355629693066978,0.03321125561778876,0.7308619257210429,4.865377482995801,0.005986747507083073
subject_20,6,open,0.08432901184082688,0.07217320191776959,0.05216983382552523,1.4902962218736988,3.3080216223420145,0.037416147842141256,0.009579149202493618,0.011011366663985616,0.0034771121307806494,0.08293407706111687,0.6969950675944355,0.001791415282906193
subject_20,7,closed,0.14742188013427887,0.1039231410941612,0.12870742031733182,1.9958895173004043,4.373789168050957,0.038535547178340325,0.048564288340719984,0.0330506810031441,0.0464337831743243,0.5034226902548194,3.050330041198149,0.008054376611457185
subject_20,7,open,0.07095369077473244,0.0623208837742947,0.04287261364780292,2.0319667883335173,8.13996693971446,0.027729430982027927,0.004112558498662832,0.0024403570384896713,0.008463289540162669,0.5116871184194028,2.556404932593937,0.0015812100152400289
subject_21,0,closed,0.18448133889426546,0.1693470701804103,0.09439543678136911,1.0546596373722348,1.8782730896475952,0.04234748609020997,0.03225611886973894,0.029405622280501354,0.017287677021876963,0.27654337953936564,1.0009550189715208,0.0049409554905018626
subject_21,0,open,0.08828074855547463,0.08096005972834464,0.04401829300182138,1.2622442494054689,2.5966122973984627,0.03158984038178489,0.005725213326763522,0.005629945637932988,0.002547369099637146,0.26535929340407377,0.8203609629536419,0.0020106748596383115
subject_21,1,closed,0.2384755402792961,0.2132246333521141,0.13623296479580227,1.2542201635844386,2.784995277781464,0.04732371169699944,0.06523262966069528,0.07003520393774068,0.03180598174472778,0.1578695941138814,0.3346446667512905,0.009041522739315569
subject_21,1,open,0.08828074855547463,0.08096005972834464,0.04401829300182138,1.2622442494054689,2.5966122973984627,0.03158984038178489,0.005725213326763522,0.005629945637932988,0.002547369099637146,0.26535929340407377,0.8203609629536419,0.0020106748596383115
subject_21,2,closed,0.14632866742954814,0.12342745583138946,0.09410350976937955,1.340769951501969,2.3231325266221567,0.04269310737204134,0.026206186250846693,0.028707869702146442,0.021245864149641087,0.40999129118331845,1.3318959302812647,0.003104932202191185
subject_21,2,open,0.15178499548194896,0.13809825345234883,0.08160952348084638,1.2624247067292722,2.6360520833894316,0.04506124294046747,0.04022425959660688,0.04337008494143844,0.005250772874123751,0.5054045599975932,1.6150842836843375,0.003963359788722558
subject_21,3,closed,0.13062586816992675,0.11307499972121113,0.08328261973685572,1.7222623474599652,5.992537195236137,0.03581810176941056,0.013692351996667134,0.020047169125250695,0.009803966614702056,0.9512018582726718,5.401663695210412,0.00360936740257316
subject_21,3,open,0.05738753495068094,0.0499988671476699,0.033585389055651324,1.4377788540205585,3.0147474541831754,0.02360627334002805,0.0029213192317535147,0.003066960478802734,0.0010834992415598536,0.2095637131544804,1.2832159019481,0.0014632771827548002
subject_21,4,closed,0.1661273760563623,0.14050652811691489,0.11225522563862814,2.2131969766332475,8.388160678455286,0.046328167919388756,0.044876072341368686,0.03492869484003374,0.031935874796808296,0.5922050341119846,4.2612116347026605,0.007914399400336747
subject_21,4,open,0.08412912949218501,0.07169867249100695,0.05247399274050666,1.4714899554628564,3.222434365359055,0.03744609147456229,0.00990847777794666,0.011326829510123024,0.0034761606022027454,0.0963337495392302,0.726958007871118,0.0018049330651704193
subject_21,5,closed,0.1467108385750207,0.10369230946907712,0.1280463497063832,2.0153589441417554,4.498821717520509,0.03840959710412426,0.04985654438525681,0.03396621897149002,0.048284550186789045,0.35461905200002375,1.6261288865180483,0.008610183014575362
subject_21,5,open,0.07098264386962883,0.0623208837742947,0.04288598420130154,2.02918151848479,8.121941977360148,0.027751053967671448,0.00411118577673574,0.0022354822781931074,0.008437513227500481,0.5064176135659857,2.539822067417681,0.0015691830013453225
subject_21,6,closed,0.16622231804081852,0.14334468992971733,0.12400623794653728,5.05959844485684,48.77860944054249,0.054274594127378936,0.03810992221840302,0.028685109320909178,0.05680698324709013,0.9495391437200671,5.963891608755574,0.009115435683139647
subject_21,6,open,0.09965351288815293,0.08509498854160026,0.06450164836026462,3.572590340595065,40.97606246134418,0.03747954022310853,0.026689156113740647,0.028683227207626068,0.012189946026155873,2.5552581021143737,36.923314946166066,0.003948524040988178
subject_21,7,closed,0.14238215740837826,0.12936598926408793,0.07998831343573452,3.943171540886627,49.745212393998635,0.04042431975706032,0.019003179211190418,0.015709052636959785,0.023639042422892647,1.6433853104334657,16.514461185330156,0.004979448102884249
subject_21,7,open,0.07898998730574036,0.06714831666652865,0.04741452957311559,1.4411022827534254,2.503896572975629,0.03327926342618963,0.004996737022152603,0.005641721793787977,0.003024578981178249,0.15475621100431242,0.6150010348560991,0.002302606982089277
subject_21,8,closed,0.1003390284396739,0.0925168430205113,0.050711011514350805,0.9379253611213249,1.106685367991851,0.03133124727886262,0.007702109417248366,0.007877098181657657,0.004297471028719572,0.17209472965283365,0.86050535431154,0.0012005188992421814
subject_21,8,open,0.06993854499139583,0.06048258808105049,0.04496973778839037,1.417430717935745,2.5770593587875457,0.02792935574924566,0.015564717797312581,0.016509972270197053,0.005700755205953498,0.8885764000481532,5.7553367129518955,0.009113559764937341
subject_21,9,closed,0.2988107624447876,0.23414731968311175,0.25938603430582235,3.928009521826208,24.807001311191332,0.06717724377463771,0.14750664868101693,0.11933888388925486,0.12479968595455157,0.663946497160147,2.553913159669058,0.028325697149276755
subject_21,9,open,0.07685303406557686,0.06606048829154386,0.04650455282975788,1.5503067982665137,3.543798034088927,0.031191172951313264,0.012831763252153626,0.01322908644655804,0.004158571182132333,0.13923875618614892,0.6007945109820594,0.0027765879673463897
subject_21,10,closed,0.2334205722400074,0.2102459588134839,0.12156786074366498,0.8937533206441368,0.7782136418955043,0.05222999170701873,0.030363851155832573,0.026098863041558687,0.01631701045831387,0.18615882185298624,0.48061091486602525,0.0036448351287117005
subject_21,10,open,0.07685303406557686,0.06606048829154386,0.04650455282975788,1.5503067982665137,3.543798034088927,0.031191172951313264,0.012831763252153626,0.01322908644655804,0.004158571182132333,0.13923875618614892,0.6007945109820594,0.0027765879673463897
subject_21,11,closed,0.15143439187244898,0.11672880784995604,0.15445163908760662,7.046272325893766,81.32613344465807,0.03474801576569629,0.05708084129253637,0.0286703262353504,0.0949525362807332,1.1665589625930615,7.379998888050158,0.011550368572170767
subject_21,11,open,0.07932015677959159,0.0647983847022123,0.05258406939619779,1.8142660879115393,5.061940554950555,0.030309084246287893,0.014558912584483268,0.016820112825052656,0.006972710181751941,0.2961629804189288,1.1818574952157266,0.002133093003867548
subject_21,12,closed,0.18311251393024722,0.1556033516945457,0.1335473895953635,3.7927021632432827,27.306609858304288,0.03672685532060441,0.06445931885824495,0.04902333232770143,0.05910328062611404,0.9272357326599995,4.251537592503151,0.008657602796356575
subject_21,12,open,0.07932015677959159,0.0647983847022123,0.05258406939619779,1.8142660879115393,5.061940554950555,0.030309084246287893,0.014558912584483268,0.016820112825052656,0.006972710181751941,0.2961629804189288,1.1818574952157266,0.002133093003867548
subject_21,13,closed,0.22739220420640763,0.1989560395044288,0.1516227601695655,2.9392970498781237,16.19905607367446,0.04660801162687618,0.06329063318264984,0.044372260966764165,0.05965556778330309,0.5585032880970091,1.742026982373047,0.006186100958237142
subject_21,13,open,0.09369126194972455,0.08190530038188665,0.05517442383978929,1.544609875268258,3.188835750124392,0.03816084651983966,0.010000658170688638,0.009800861934657311,0.004316733492741326,0.15475076787588665,0.7896059355296516,0.0036489298689102384
subject_21,14,closed,0.1411948598595969,0.12219078807008343,0.0841058513827979,1.0641980496278782,0.8919570195363371,0.038183316865717444,0.0433574239243044,0.043231075698020545,0.015590261458879295,0.35111493355315465,1.0966726144807664,0.004341705368460301
subject_21,14,open,0.09093496383233794,0.07961529490867447,0.053103422091512344,1.5804974762179462,3.9979375452026424,0.035072665208096945,0.007127544636311484,0.007713246332676492,0.0034244941334242054,0.13340522173204986,0.8832901607231052,0.0029810293380350726
subject_21,15,closed,0.2262905003473761,0.18508539705026852,0.15219907214307413,1.2094112124958458,1.6776805031370046,0.048762282882633595,0.05176337794000331,0.05915860794180496,0.028623491232148933,0.6007501013051039,2.214594102799867,0.00967082325431571
subject_21,15,open,0.08678461005603147,0.07385046645755655,0.05399641658178951,1.7301014182594419,4.03826376061338,0.03662249215964973,0.003839206944015287,0.004470047127001384,0.0018179975176778576,0.18250710556212535,0.9665525656459996,0.002401266980968504
subject_21,16,closed,0.2229532270892445,0.18698570689705185,0.14240060237770563,1.2257689629963024,1.7830086573324984,0.04688107763449755,0.050863711088392875,0.04870885608362175,0.028743819905407742,0.286415202922397,0.9255684538480752,0.0065096436150980114
subject_21,16,open,0.08574592658765724,0.07503993412862539,0.04888373742369871,1.312380065419969,2.5035805900686414,0.03595470897499049,0.007090757891202184,0.007803561981277753,0.0027434235773839155,0.17668715665611326,1.1526479625953039,0.0024918644355939753
